"","ADM2_PC","ADM2_ES","ADM1_PC","ADM1_ES","ADM0_PC","ADM0_ES","college","clinic","university","school","hospital"
"1","CO05001","Medellín","CO05","Antioquia","CO","Colombia",60,102,51,321,100
"2","CO05045","Apartadó","CO05","Antioquia","CO","Colombia",1,NA,5,35,13
"3","CO05088","Bello","CO05","Antioquia","CO","Colombia",1,3,3,35,8
"4","CO05129","Caldas","CO05","Antioquia","CO","Colombia",1,NA,NA,1,2
"5","CO05145","Caramanta","CO05","Antioquia","CO","Colombia",1,NA,NA,1,1
"6","CO05148","El Carmen de Viboral","CO05","Antioquia","CO","Colombia",1,1,2,18,1
"7","CO05264","Entrerríos","CO05","Antioquia","CO","Colombia",2,NA,NA,3,1
"8","CO05266","Envigado","CO05","Antioquia","CO","Colombia",5,NA,3,37,4
"9","CO05310","Gómez Plata","CO05","Antioquia","CO","Colombia",1,NA,NA,3,1
"10","CO05318","Guarne","CO05","Antioquia","CO","Colombia",1,NA,NA,6,2
"11","CO05360","Itagüí","CO05","Antioquia","CO","Colombia",4,2,NA,18,8
"12","CO05380","La Estrella","CO05","Antioquia","CO","Colombia",1,1,NA,2,3
"13","CO05579","Puerto Berrío","CO05","Antioquia","CO","Colombia",2,NA,1,9,1
"14","CO05604","Remedios","CO05","Antioquia","CO","Colombia",1,NA,NA,4,1
"15","CO05642","Salgar","CO05","Antioquia","CO","Colombia",1,1,NA,5,1
"16","CO05665","San Pedro de Urabá","CO05","Antioquia","CO","Colombia",1,NA,NA,36,1
"17","CO05686","Santa Rosa de Osos","CO05","Antioquia","CO","Colombia",1,NA,1,19,5
"18","CO05690","Santo Domingo","CO05","Antioquia","CO","Colombia",1,NA,NA,NA,1
"19","CO05792","Tarso","CO05","Antioquia","CO","Colombia",1,NA,NA,NA,2
"20","CO05873","Vigía del Fuerte","CO05","Antioquia","CO","Colombia",1,NA,NA,1,1
"21","CO05895","Zaragoza","CO05","Antioquia","CO","Colombia",1,1,NA,5,1
"22","CO08001","Barranquilla","CO08","Atlántico","CO","Colombia",21,33,16,202,67
"23","CO08296","Galapa","CO08","Atlántico","CO","Colombia",1,NA,NA,5,1
"24","CO08372","Juan de Acosta","CO08","Atlántico","CO","Colombia",1,NA,NA,NA,NA
"25","CO08433","Malambo","CO08","Atlántico","CO","Colombia",2,1,NA,16,2
"26","CO08560","Ponedera","CO08","Atlántico","CO","Colombia",3,NA,NA,NA,NA
"27","CO08638","Sabanalarga","CO08","Atlántico","CO","Colombia",5,1,NA,2,2
"28","CO08758","Soledad","CO08","Atlántico","CO","Colombia",3,5,NA,44,13
"29","CO08770","Suan","CO08","Atlántico","CO","Colombia",2,NA,NA,1,1
"30","CO11001","Bogotá, D.C.","CO11","Bogotá, D.C.","CO","Colombia",117,258,162,1187,155
"31","CO13001","Cartagena de Indias","CO13","Bolívar","CO","Colombia",11,23,18,92,19
"32","CO13244","El Carmen de Bolívar","CO13","Bolívar","CO","Colombia",1,1,1,15,1
"33","CO13430","Magangué","CO13","Bolívar","CO","Colombia",1,1,2,3,2
"34","CO13600","Río Viejo","CO13","Bolívar","CO","Colombia",2,NA,NA,7,4
"35","CO13836","Turbaco","CO13","Bolívar","CO","Colombia",1,NA,2,3,2
"36","CO15001","Tunja","CO15","Boyacá","CO","Colombia",5,2,9,32,16
"37","CO15104","Boyacá","CO15","Boyacá","CO","Colombia",1,NA,NA,3,NA
"38","CO15131","Caldas","CO15","Boyacá","CO","Colombia",1,NA,NA,4,NA
"39","CO15176","Chiquinquirá","CO15","Boyacá","CO","Colombia",2,2,3,11,3
"40","CO15187","Chivatá","CO15","Boyacá","CO","Colombia",1,NA,NA,14,2
"41","CO15238","Duitama","CO15","Boyacá","CO","Colombia",3,3,4,45,6
"42","CO15322","Guateque","CO15","Boyacá","CO","Colombia",1,NA,NA,4,NA
"43","CO15407","Villa de Leyva","CO15","Boyacá","CO","Colombia",1,NA,NA,4,1
"44","CO15442","Maripí","CO15","Boyacá","CO","Colombia",7,NA,NA,11,3
"45","CO15537","Paz de Río","CO15","Boyacá","CO","Colombia",1,NA,1,3,1
"46","CO15572","Puerto Boyacá","CO15","Boyacá","CO","Colombia",1,1,NA,38,4
"47","CO15638","Sáchica","CO15","Boyacá","CO","Colombia",1,1,NA,17,NA
"48","CO15646","Samacá","CO15","Boyacá","CO","Colombia",2,NA,NA,13,1
"49","CO15740","Siachoque","CO15","Boyacá","CO","Colombia",4,NA,NA,2,1
"50","CO15753","Soatá","CO15","Boyacá","CO","Colombia",2,NA,NA,14,NA
"51","CO15763","Sotaquirá","CO15","Boyacá","CO","Colombia",1,NA,NA,7,NA
"52","CO15808","Tinjacá","CO15","Boyacá","CO","Colombia",1,NA,NA,2,NA
"53","CO15861","Ventaquemada","CO15","Boyacá","CO","Colombia",1,NA,NA,8,1
"54","CO17001","Manizales","CO17","Caldas","CO","Colombia",5,17,15,51,18
"55","CO17653","Salamina","CO17","Caldas","CO","Colombia",2,NA,NA,4,NA
"56","CO17873","Villamaría","CO17","Caldas","CO","Colombia",1,NA,NA,18,2
"57","CO18001","Florencia","CO18","Caquetá","CO","Colombia",4,3,2,9,4
"58","CO18029","Albania","CO18","Caquetá","CO","Colombia",1,NA,NA,17,2
"59","CO18150","Cartagena del Chairá","CO18","Caquetá","CO","Colombia",1,3,NA,5,1
"60","CO18479","Morelia","CO18","Caquetá","CO","Colombia",1,NA,NA,4,NA
"61","CO18610","San José del Fragua","CO18","Caquetá","CO","Colombia",2,1,NA,5,NA
"62","CO18753","San Vicente del Caguán","CO18","Caquetá","CO","Colombia",2,NA,NA,7,1
"63","CO19001","Popayán","CO19","Cauca","CO","Colombia",4,19,15,78,9
"64","CO19022","Almaguer","CO19","Cauca","CO","Colombia",2,NA,NA,4,1
"65","CO19050","Argelia","CO19","Cauca","CO","Colombia",2,NA,NA,37,3
"66","CO19110","Buenos Aires","CO19","Cauca","CO","Colombia",3,1,NA,11,1
"67","CO19130","Cajibío","CO19","Cauca","CO","Colombia",2,3,NA,32,1
"68","CO19137","Caldono","CO19","Cauca","CO","Colombia",3,NA,NA,16,1
"69","CO19142","Caloto","CO19","Cauca","CO","Colombia",4,NA,NA,3,2
"70","CO19256","El Tambo","CO19","Cauca","CO","Colombia",10,6,NA,38,NA
"71","CO19290","Florencia","CO19","Cauca","CO","Colombia",1,NA,NA,2,1
"72","CO19300","Guachené","CO19","Cauca","CO","Colombia",2,NA,NA,2,1
"73","CO19397","La Vega","CO19","Cauca","CO","Colombia",3,2,NA,45,1
"74","CO19450","Mercaderes","CO19","Cauca","CO","Colombia",1,1,NA,4,1
"75","CO19455","Miranda","CO19","Cauca","CO","Colombia",4,4,1,19,2
"76","CO19513","Padilla","CO19","Cauca","CO","Colombia",2,NA,NA,6,1
"77","CO19517","Páez","CO19","Cauca","CO","Colombia",3,1,NA,5,2
"78","CO19532","Patía","CO19","Cauca","CO","Colombia",5,5,NA,14,2
"79","CO19533","Piamonte","CO19","Cauca","CO","Colombia",1,1,NA,12,2
"80","CO19548","Piendamó - Tunía","CO19","Cauca","CO","Colombia",2,NA,NA,12,3
"81","CO19573","Puerto Tejada","CO19","Cauca","CO","Colombia",17,2,NA,9,2
"82","CO19698","Santander de Quilichao","CO19","Cauca","CO","Colombia",8,6,4,24,3
"83","CO19743","Silvia","CO19","Cauca","CO","Colombia",1,2,NA,23,2
"84","CO19785","Sucre","CO19","Cauca","CO","Colombia",2,NA,NA,NA,1
"85","CO19807","Timbío","CO19","Cauca","CO","Colombia",4,NA,2,14,1
"86","CO19845","Villa Rica","CO19","Cauca","CO","Colombia",1,NA,NA,6,1
"87","CO20001","Valledupar","CO20","Cesar","CO","Colombia",2,4,9,23,6
"88","CO20011","Aguachica","CO20","Cesar","CO","Colombia",3,1,1,12,4
"89","CO20013","Agustín Codazzi","CO20","Cesar","CO","Colombia",1,NA,1,4,NA
"90","CO20228","Curumaní","CO20","Cesar","CO","Colombia",1,NA,NA,4,1
"91","CO23001","Montería","CO23","Córdoba","CO","Colombia",4,18,6,25,3
"92","CO23417","Lorica","CO23","Córdoba","CO","Colombia",10,NA,3,7,4
"93","CO23586","Purísima de la Concepción","CO23","Córdoba","CO","Colombia",1,NA,NA,NA,NA
"94","CO23660","Sahagún","CO23","Córdoba","CO","Colombia",1,NA,NA,8,1
"95","CO23675","San Bernardo del Viento","CO23","Córdoba","CO","Colombia",2,NA,NA,3,NA
"96","CO23807","Tierralta","CO23","Córdoba","CO","Colombia",7,NA,NA,17,3
"97","CO25154","Carmen de Carupa","CO25","Cundinamarca","CO","Colombia",1,NA,NA,8,2
"98","CO25175","Chía","CO25","Cundinamarca","CO","Colombia",2,5,4,24,3
"99","CO25245","El Colegio","CO25","Cundinamarca","CO","Colombia",2,NA,NA,7,2
"100","CO25260","El Rosal","CO25","Cundinamarca","CO","Colombia",1,NA,NA,7,NA
"101","CO25269","Facatativá","CO25","Cundinamarca","CO","Colombia",2,NA,1,20,8
"102","CO25286","Funza","CO25","Cundinamarca","CO","Colombia",1,NA,NA,21,1
"103","CO25288","Fúquene","CO25","Cundinamarca","CO","Colombia",3,NA,NA,NA,1
"104","CO25290","Fusagasugá","CO25","Cundinamarca","CO","Colombia",1,1,4,16,5
"105","CO25307","Girardot","CO25","Cundinamarca","CO","Colombia",1,6,5,28,NA
"106","CO25317","Guachetá","CO25","Cundinamarca","CO","Colombia",4,NA,NA,1,1
"107","CO25322","Guasca","CO25","Cundinamarca","CO","Colombia",1,NA,NA,6,1
"108","CO25377","La Calera","CO25","Cundinamarca","CO","Colombia",1,NA,NA,16,1
"109","CO25386","La Mesa","CO25","Cundinamarca","CO","Colombia",3,2,NA,7,1
"110","CO25438","Medina","CO25","Cundinamarca","CO","Colombia",1,NA,NA,1,1
"111","CO25473","Mosquera","CO25","Cundinamarca","CO","Colombia",1,2,1,24,1
"112","CO25513","Pacho","CO25","Cundinamarca","CO","Colombia",1,NA,NA,8,2
"113","CO25645","San Antonio del Tequendama","CO25","Cundinamarca","CO","Colombia",1,NA,NA,2,2
"114","CO25653","San Cayetano","CO25","Cundinamarca","CO","Colombia",1,NA,NA,NA,1
"115","CO25736","Sesquilé","CO25","Cundinamarca","CO","Colombia",1,NA,NA,4,NA
"116","CO25740","Sibaté","CO25","Cundinamarca","CO","Colombia",1,NA,NA,36,2
"117","CO25754","Soacha","CO25","Cundinamarca","CO","Colombia",3,2,4,69,4
"118","CO25769","Subachoque","CO25","Cundinamarca","CO","Colombia",1,NA,NA,5,1
"119","CO25785","Tabio","CO25","Cundinamarca","CO","Colombia",11,NA,NA,1,NA
"120","CO25797","Tena","CO25","Cundinamarca","CO","Colombia",1,NA,NA,2,NA
"121","CO25839","Ubalá","CO25","Cundinamarca","CO","Colombia",2,NA,NA,4,NA
"122","CO25862","Vergara","CO25","Cundinamarca","CO","Colombia",1,NA,NA,NA,NA
"123","CO25899","Zipaquirá","CO25","Cundinamarca","CO","Colombia",1,NA,NA,4,4
"124","CO27001","Quibdó","CO27","Chocó","CO","Colombia",2,NA,3,7,3
"125","CO27006","Acandí","CO27","Chocó","CO","Colombia",2,NA,NA,12,2
"126","CO27099","Bojayá","CO27","Chocó","CO","Colombia",1,NA,NA,1,NA
"127","CO27361","Istmina","CO27","Chocó","CO","Colombia",1,NA,1,4,1
"128","CO27495","Nuquí","CO27","Chocó","CO","Colombia",1,1,NA,2,NA
"129","CO41001","Neiva","CO41","Huila","CO","Colombia",25,5,10,22,6
"130","CO41013","Agrado","CO41","Huila","CO","Colombia",1,NA,NA,2,1
"131","CO41016","Aipe","CO41","Huila","CO","Colombia",1,NA,NA,NA,1
"132","CO41298","Garzón","CO41","Huila","CO","Colombia",4,2,2,26,5
"133","CO41306","Gigante","CO41","Huila","CO","Colombia",1,NA,NA,7,NA
"134","CO41396","La Plata","CO41","Huila","CO","Colombia",3,1,1,21,2
"135","CO41530","Palestina","CO41","Huila","CO","Colombia",1,NA,NA,11,2
"136","CO41615","Rivera","CO41","Huila","CO","Colombia",1,NA,1,5,1
"137","CO41668","San Agustín","CO41","Huila","CO","Colombia",1,NA,NA,19,1
"138","CO44001","Riohacha","CO44","La Guajira","CO","Colombia",4,25,3,221,29
"139","CO44090","Dibulla","CO44","La Guajira","CO","Colombia",1,NA,NA,26,1
"140","CO44847","Uribia","CO44","La Guajira","CO","Colombia",1,1,NA,114,3
"141","CO47001","Santa Marta","CO47","Magdalena","CO","Colombia",3,15,3,86,6
"142","CO50001","Villavicencio","CO50","Meta","CO","Colombia",7,6,10,51,11
"143","CO50006","Acacías","CO50","Meta","CO","Colombia",4,NA,1,10,1
"144","CO50313","Granada","CO50","Meta","CO","Colombia",16,NA,NA,5,23
"145","CO50325","Mapiripán","CO50","Meta","CO","Colombia",1,NA,NA,2,NA
"146","CO50330","Mesetas","CO50","Meta","CO","Colombia",1,NA,NA,6,1
"147","CO50350","La Macarena","CO50","Meta","CO","Colombia",4,1,NA,12,NA
"148","CO50370","Uribe","CO50","Meta","CO","Colombia",5,NA,NA,5,1
"149","CO50577","Puerto Lleras","CO50","Meta","CO","Colombia",1,NA,NA,9,1
"150","CO50590","Puerto Rico","CO50","Meta","CO","Colombia",3,NA,NA,15,1
"151","CO50711","Vistahermosa","CO50","Meta","CO","Colombia",2,NA,NA,19,4
"152","CO52001","Pasto","CO52","Nariño","CO","Colombia",5,5,10,46,25
"153","CO52079","Barbacoas","CO52","Nariño","CO","Colombia",1,NA,NA,NA,1
"154","CO52356","Ipiales","CO52","Nariño","CO","Colombia",1,3,1,20,10
"155","CO52399","La Unión","CO52","Nariño","CO","Colombia",1,NA,NA,14,3
"156","CO52835","San Andrés de Tumaco","CO52","Nariño","CO","Colombia",1,NA,NA,4,3
"157","CO54001","San José de Cúcuta","CO54","Norte de Santander","CO","Colombia",31,65,17,130,56
"158","CO54051","Arboledas","CO54","Norte de Santander","CO","Colombia",1,NA,NA,2,NA
"159","CO54405","Los Patios","CO54","Norte de Santander","CO","Colombia",1,1,NA,8,1
"160","CO54498","Ocaña","CO54","Norte de Santander","CO","Colombia",3,3,1,16,3
"161","CO54518","Pamplona","CO54","Norte de Santander","CO","Colombia",1,NA,2,8,5
"162","CO54720","Sardinata","CO54","Norte de Santander","CO","Colombia",3,NA,NA,51,1
"163","CO54810","Tibú","CO54","Norte de Santander","CO","Colombia",1,NA,NA,27,2
"164","CO54874","Villa del Rosario","CO54","Norte de Santander","CO","Colombia",2,1,1,38,1
"165","CO63001","Armenia","CO63","Quindio","CO","Colombia",49,16,11,47,26
"166","CO63130","Calarcá","CO63","Quindio","CO","Colombia",17,2,NA,19,6
"167","CO63190","Circasia","CO63","Quindio","CO","Colombia",4,NA,NA,5,1
"168","CO63212","Córdoba","CO63","Quindio","CO","Colombia",1,NA,NA,4,1
"169","CO63272","Filandia","CO63","Quindio","CO","Colombia",1,NA,NA,7,3
"170","CO63401","La Tebaida","CO63","Quindio","CO","Colombia",6,NA,NA,NA,2
"171","CO63470","Montenegro","CO63","Quindio","CO","Colombia",6,NA,NA,6,2
"172","CO63548","Pijao","CO63","Quindio","CO","Colombia",1,NA,NA,5,NA
"173","CO63594","Quimbaya","CO63","Quindio","CO","Colombia",2,NA,NA,10,2
"174","CO63690","Salento","CO63","Quindio","CO","Colombia",1,NA,NA,6,2
"175","CO66001","Pereira","CO66","Risaralda","CO","Colombia",6,17,8,70,17
"176","CO66088","Belén de Umbría","CO66","Risaralda","CO","Colombia",1,NA,NA,10,1
"177","CO66170","Dosquebradas","CO66","Risaralda","CO","Colombia",2,1,1,20,4
"178","CO66456","Mistrató","CO66","Risaralda","CO","Colombia",1,NA,NA,4,4
"179","CO68001","Bucaramanga","CO68","Santander","CO","Colombia",35,10,14,32,11
"180","CO68081","Barrancabermeja","CO68","Santander","CO","Colombia",5,NA,4,22,9
"181","CO68190","Cimitarra","CO68","Santander","CO","Colombia",1,NA,NA,13,2
"182","CO68276","Floridablanca","CO68","Santander","CO","Colombia",1,5,5,22,6
"183","CO68307","Girón","CO68","Santander","CO","Colombia",1,NA,NA,2,NA
"184","CO68324","Guavatá","CO68","Santander","CO","Colombia",1,NA,NA,3,1
"185","CO68432","Málaga","CO68","Santander","CO","Colombia",1,NA,2,20,NA
"186","CO68547","Piedecuesta","CO68","Santander","CO","Colombia",1,NA,1,11,3
"187","CO68572","Puente Nacional","CO68","Santander","CO","Colombia",2,NA,NA,37,1
"188","CO68669","San Andrés","CO68","Santander","CO","Colombia",1,NA,NA,10,1
"189","CO68679","San Gil","CO68","Santander","CO","Colombia",1,2,3,16,3
"190","CO68861","Vélez","CO68","Santander","CO","Colombia",2,1,1,19,1
"191","CO68872","Villanueva","CO68","Santander","CO","Colombia",2,NA,NA,9,1
"192","CO70001","Sincelejo","CO70","Sucre","CO","Colombia",31,20,13,31,9
"193","CO70230","Chalán","CO70","Sucre","CO","Colombia",1,2,NA,NA,NA
"194","CO70400","La Unión","CO70","Sucre","CO","Colombia",1,NA,NA,3,1
"195","CO70418","Los Palmitos","CO70","Sucre","CO","Colombia",9,NA,NA,9,4
"196","CO73001","Ibagué","CO73","Tolima","CO","Colombia",15,16,10,102,39
"197","CO73030","Ambalema","CO73","Tolima","CO","Colombia",2,NA,NA,3,1
"198","CO73043","Anzoátegui","CO73","Tolima","CO","Colombia",1,NA,NA,4,1
"199","CO73067","Ataco","CO73","Tolima","CO","Colombia",2,NA,NA,28,NA
"200","CO73148","Carmen de Apicalá","CO73","Tolima","CO","Colombia",1,NA,NA,3,2
"201","CO73168","Chaparral","CO73","Tolima","CO","Colombia",6,1,1,25,1
"202","CO73319","Guamo","CO73","Tolima","CO","Colombia",1,NA,NA,14,NA
"203","CO73411","Líbano","CO73","Tolima","CO","Colombia",3,NA,3,30,2
"204","CO73443","San Sebastián de Mariquita","CO73","Tolima","CO","Colombia",1,NA,NA,13,1
"205","CO73461","Murillo","CO73","Tolima","CO","Colombia",1,NA,NA,11,1
"206","CO76001","Cali","CO76","Valle del Cauca","CO","Colombia",26,51,24,221,385
"207","CO76041","Ansermanuevo","CO76","Valle del Cauca","CO","Colombia",1,NA,NA,1,1
"208","CO76109","Buenaventura","CO76","Valle del Cauca","CO","Colombia",7,NA,4,5,6
"209","CO76111","Guadalajara de Buga","CO76","Valle del Cauca","CO","Colombia",4,1,2,10,6
"210","CO76147","Cartago","CO76","Valle del Cauca","CO","Colombia",3,4,2,5,2
"211","CO76248","El Cerrito","CO76","Valle del Cauca","CO","Colombia",1,1,NA,8,NA
"212","CO76306","Ginebra","CO76","Valle del Cauca","CO","Colombia",1,NA,NA,NA,NA
"213","CO76400","La Unión","CO76","Valle del Cauca","CO","Colombia",1,NA,NA,1,1
"214","CO76520","Palmira","CO76","Valle del Cauca","CO","Colombia",2,9,10,49,8
"215","CO76616","Riofrío","CO76","Valle del Cauca","CO","Colombia",3,NA,NA,NA,1
"216","CO76828","Trujillo","CO76","Valle del Cauca","CO","Colombia",1,NA,NA,2,NA
"217","CO76845","Ulloa","CO76","Valle del Cauca","CO","Colombia",1,NA,NA,3,1
"218","CO76869","Vijes","CO76","Valle del Cauca","CO","Colombia",1,NA,NA,NA,1
"219","CO76892","Yumbo","CO76","Valle del Cauca","CO","Colombia",2,NA,1,27,5
"220","CO81001","Arauca","CO81","Arauca","CO","Colombia",4,1,NA,11,1
"221","CO81736","Saravena","CO81","Arauca","CO","Colombia",7,2,NA,5,1
"222","CO81794","Tame","CO81","Arauca","CO","Colombia",3,1,NA,1,NA
"223","CO85001","Yopal","CO85","Casanare","CO","Colombia",6,6,8,54,13
"224","CO85263","Pore","CO85","Casanare","CO","Colombia",1,NA,NA,NA,NA
"225","CO85410","Tauramena","CO85","Casanare","CO","Colombia",8,NA,NA,5,1
"226","CO86001","Mocoa","CO86","Putumayo","CO","Colombia",1,NA,NA,25,1
"227","CO86568","Puerto Asís","CO86","Putumayo","CO","Colombia",2,NA,1,13,1
"228","CO86571","Puerto Guzmán","CO86","Putumayo","CO","Colombia",1,NA,NA,7,2
"229","CO91001","Leticia","CO91","Amazonas","CO","Colombia",1,1,2,27,2
"230","CO95001","San José del Guaviare","CO95","Guaviare","CO","Colombia",6,NA,1,32,1
"231","CO99773","Cumaribo","CO99","Vichada","CO","Colombia",1,1,NA,13,2
"232","CO05031","Amalfi","CO05","Antioquia","CO","Colombia",NA,1,2,23,1
"233","CO05120","Cáceres","CO05","Antioquia","CO","Colombia",NA,2,NA,26,5
"234","CO05154","Caucasia","CO05","Antioquia","CO","Colombia",NA,1,NA,8,2
"235","CO05250","El Bagre","CO05","Antioquia","CO","Colombia",NA,1,NA,11,1
"236","CO05364","Jardín","CO05","Antioquia","CO","Colombia",NA,1,NA,3,1
"237","CO05376","La Ceja","CO05","Antioquia","CO","Colombia",NA,1,NA,6,1
"238","CO05543","Peque","CO05","Antioquia","CO","Colombia",NA,1,NA,2,1
"239","CO05615","Rionegro","CO05","Antioquia","CO","Colombia",NA,1,2,25,5
"240","CO05631","Sabaneta","CO05","Antioquia","CO","Colombia",NA,1,2,4,2
"241","CO05837","Turbo","CO05","Antioquia","CO","Colombia",NA,1,3,59,4
"242","CO08078","Baranoa","CO08","Atlántico","CO","Colombia",NA,1,1,3,1
"243","CO08573","Puerto Colombia","CO08","Atlántico","CO","Colombia",NA,1,8,16,1
"244","CO13433","Mahates","CO13","Bolívar","CO","Colombia",NA,1,NA,1,NA
"245","CO15332","Güicán de la Sierra","CO15","Boyacá","CO","Colombia",NA,1,NA,7,1
"246","CO15518","Pajarito","CO15","Boyacá","CO","Colombia",NA,1,NA,4,NA
"247","CO15759","Sogamoso","CO15","Boyacá","CO","Colombia",NA,1,2,22,6
"248","CO15762","Sora","CO15","Boyacá","CO","Colombia",NA,1,NA,1,NA
"249","CO15822","Tota","CO15","Boyacá","CO","Colombia",NA,1,NA,2,NA
"250","CO17013","Aguadas","CO17","Caldas","CO","Colombia",NA,1,NA,3,1
"251","CO17174","Chinchiná","CO17","Caldas","CO","Colombia",NA,1,NA,6,3
"252","CO17777","Supía","CO17","Caldas","CO","Colombia",NA,1,NA,1,1
"253","CO18592","Puerto Rico","CO18","Caquetá","CO","Colombia",NA,1,NA,4,1
"254","CO18756","Solano","CO18","Caquetá","CO","Colombia",NA,1,NA,7,1
"255","CO19100","Bolívar","CO19","Cauca","CO","Colombia",NA,1,NA,9,1
"256","CO19355","Inzá","CO19","Cauca","CO","Colombia",NA,3,NA,9,1
"257","CO19418","López de Micay","CO19","Cauca","CO","Colombia",NA,1,NA,3,1
"258","CO19760","Sotará - Paispamba","CO19","Cauca","CO","Colombia",NA,1,NA,7,2
"259","CO19809","Timbiquí","CO19","Cauca","CO","Colombia",NA,1,NA,3,NA
"260","CO19824","Totoró","CO19","Cauca","CO","Colombia",NA,1,NA,15,1
"261","CO20443","Manaure Balcón del Cesar","CO20","Cesar","CO","Colombia",NA,2,NA,3,1
"262","CO25126","Cajicá","CO25","Cundinamarca","CO","Colombia",NA,1,3,7,1
"263","CO25281","Fosca","CO25","Cundinamarca","CO","Colombia",NA,1,NA,2,NA
"264","CO25335","Guayabetal","CO25","Cundinamarca","CO","Colombia",NA,1,NA,NA,NA
"265","CO25599","Apulo","CO25","Cundinamarca","CO","Colombia",NA,1,NA,NA,1
"266","CO25851","Útica","CO25","Cundinamarca","CO","Colombia",NA,1,NA,NA,NA
"267","CO41551","Pitalito","CO41","Huila","CO","Colombia",NA,3,2,35,NA
"268","CO44078","Barrancas","CO44","La Guajira","CO","Colombia",NA,3,NA,35,1
"269","CO44430","Maicao","CO44","La Guajira","CO","Colombia",NA,1,1,60,4
"270","CO44560","Manaure","CO44","La Guajira","CO","Colombia",NA,2,NA,28,3
"271","CO47189","Ciénaga","CO47","Magdalena","CO","Colombia",NA,1,NA,20,6
"272","CO50251","El Castillo","CO50","Meta","CO","Colombia",NA,1,NA,7,NA
"273","CO50568","Puerto Gaitán","CO50","Meta","CO","Colombia",NA,1,NA,7,4
"274","CO52418","Los Andes","CO52","Nariño","CO","Colombia",NA,1,NA,NA,1
"275","CO54109","Bucarasica","CO54","Norte de Santander","CO","Colombia",NA,1,NA,4,NA
"276","CO68755","Socorro","CO68","Santander","CO","Colombia",NA,2,1,3,1
"277","CO68820","Tona","CO68","Santander","CO","Colombia",NA,1,NA,3,NA
"278","CO70215","Corozal","CO70","Sucre","CO","Colombia",NA,1,NA,2,NA
"279","CO70473","Morroa","CO70","Sucre","CO","Colombia",NA,1,1,3,1
"280","CO70670","Sampués","CO70","Sucre","CO","Colombia",NA,1,NA,3,1
"281","CO73268","Espinal","CO73","Tolima","CO","Colombia",NA,1,3,37,1
"282","CO76275","Florida","CO76","Valle del Cauca","CO","Colombia",NA,1,NA,5,3
"283","CO76364","Jamundí","CO76","Valle del Cauca","CO","Colombia",NA,1,1,17,3
"284","CO85430","Trinidad","CO85","Casanare","CO","Colombia",NA,1,NA,3,NA
"285","CO85440","Villanueva","CO85","Casanare","CO","Colombia",NA,2,NA,13,1
"286","CO86749","Sibundoy","CO86","Putumayo","CO","Colombia",NA,1,NA,4,NA
"287","CO88001","San Andrés","CO88","Archipiélago de San Andrés, Providencia y Santa Catalina","CO","Colombia",NA,1,2,6,2
"288","CO97001","Mitú","CO97","Vaupés","CO","Colombia",NA,1,NA,11,1
"289","CO05411","Liborina","CO05","Antioquia","CO","Colombia",NA,NA,1,2,1
"290","CO13440","Margarita","CO13","Bolívar","CO","Colombia",NA,NA,2,NA,NA
"291","CO15667","San Luis de Gaceno","CO15","Boyacá","CO","Colombia",NA,NA,1,12,1
"292","CO15757","Socha","CO15","Boyacá","CO","Colombia",NA,NA,1,19,1
"293","CO17524","Palestina","CO17","Caldas","CO","Colombia",NA,NA,1,3,2
"294","CO20621","La Paz","CO20","Cesar","CO","Colombia",NA,NA,5,2,NA
"295","CO23189","Ciénaga de Oro","CO23","Córdoba","CO","Colombia",NA,NA,1,NA,NA
"296","CO25718","Sasaima","CO25","Cundinamarca","CO","Colombia",NA,NA,1,NA,1
"297","CO25758","Sopó","CO25","Cundinamarca","CO","Colombia",NA,NA,1,6,NA
"298","CO50606","Restrepo","CO50","Meta","CO","Colombia",NA,NA,3,1,NA
"299","CO52838","Túquerres","CO52","Nariño","CO","Colombia",NA,NA,2,14,4
"300","CO68077","Barbosa","CO68","Santander","CO","Colombia",NA,NA,1,13,2
"301","CO73055","Armero","CO73","Tolima","CO","Colombia",NA,NA,1,6,1
"302","CO73408","Lérida","CO73","Tolima","CO","Colombia",NA,NA,3,9,1
"303","CO73449","Melgar","CO73","Tolima","CO","Colombia",NA,NA,1,9,2
"304","CO76622","Roldanillo","CO76","Valle del Cauca","CO","Colombia",NA,NA,2,3,1
"305","CO76834","Tuluá","CO76","Valle del Cauca","CO","Colombia",NA,NA,4,54,34
"306","CO76895","Zarzal","CO76","Valle del Cauca","CO","Colombia",NA,NA,1,7,2
"307","CO05002","Abejorral","CO05","Antioquia","CO","Colombia",NA,NA,NA,5,2
"308","CO05021","Alejandría","CO05","Antioquia","CO","Colombia",NA,NA,NA,6,1
"309","CO05030","Amagá","CO05","Antioquia","CO","Colombia",NA,NA,NA,1,1
"310","CO05034","Andes","CO05","Antioquia","CO","Colombia",NA,NA,NA,1,2
"311","CO05036","Angelópolis","CO05","Antioquia","CO","Colombia",NA,NA,NA,1,2
"312","CO05038","Angostura","CO05","Antioquia","CO","Colombia",NA,NA,NA,2,1
"313","CO05040","Anorí","CO05","Antioquia","CO","Colombia",NA,NA,NA,9,NA
"314","CO05042","Santa Fé de Antioquia","CO05","Antioquia","CO","Colombia",NA,NA,NA,2,1
"315","CO05044","Anzá","CO05","Antioquia","CO","Colombia",NA,NA,NA,1,1
"316","CO05051","Arboletes","CO05","Antioquia","CO","Colombia",NA,NA,NA,24,1
"317","CO05055","Argelia","CO05","Antioquia","CO","Colombia",NA,NA,NA,36,1
"318","CO05059","Armenia","CO05","Antioquia","CO","Colombia",NA,NA,NA,1,1
"319","CO05079","Barbosa","CO05","Antioquia","CO","Colombia",NA,NA,NA,5,1
"320","CO05086","Belmira","CO05","Antioquia","CO","Colombia",NA,NA,NA,2,1
"321","CO05093","Betulia","CO05","Antioquia","CO","Colombia",NA,NA,NA,3,2
"322","CO05101","Ciudad Bolívar","CO05","Antioquia","CO","Colombia",NA,NA,NA,2,1
"323","CO05107","Briceño","CO05","Antioquia","CO","Colombia",NA,NA,NA,9,1
"324","CO05113","Buriticá","CO05","Antioquia","CO","Colombia",NA,NA,NA,2,1
"325","CO05125","Caicedo","CO05","Antioquia","CO","Colombia",NA,NA,NA,3,1
"326","CO05134","Campamento","CO05","Antioquia","CO","Colombia",NA,NA,NA,3,2
"327","CO05138","Cañasgordas","CO05","Antioquia","CO","Colombia",NA,NA,NA,3,2
"328","CO05142","Caracolí","CO05","Antioquia","CO","Colombia",NA,NA,NA,2,1
"329","CO05147","Carepa","CO05","Antioquia","CO","Colombia",NA,NA,NA,1,1
"330","CO05150","Carolina","CO05","Antioquia","CO","Colombia",NA,NA,NA,1,1
"331","CO05172","Chigorodó","CO05","Antioquia","CO","Colombia",NA,NA,NA,13,1
"332","CO05197","Cocorná","CO05","Antioquia","CO","Colombia",NA,NA,NA,3,3
"333","CO05206","Concepción","CO05","Antioquia","CO","Colombia",NA,NA,NA,1,1
"334","CO05209","Concordia","CO05","Antioquia","CO","Colombia",NA,NA,NA,1,1
"335","CO05212","Copacabana","CO05","Antioquia","CO","Colombia",NA,NA,NA,14,2
"336","CO05234","Dabeiba","CO05","Antioquia","CO","Colombia",NA,NA,NA,8,NA
"337","CO05237","Donmatías","CO05","Antioquia","CO","Colombia",NA,NA,NA,7,1
"338","CO05240","Ebéjico","CO05","Antioquia","CO","Colombia",NA,NA,NA,2,1
"339","CO05284","Frontino","CO05","Antioquia","CO","Colombia",NA,NA,NA,1,2
"340","CO05306","Giraldo","CO05","Antioquia","CO","Colombia",NA,NA,NA,1,1
"341","CO05308","Girardota","CO05","Antioquia","CO","Colombia",NA,NA,NA,4,1
"342","CO05313","Granada","CO05","Antioquia","CO","Colombia",NA,NA,NA,5,1
"343","CO05315","Guadalupe","CO05","Antioquia","CO","Colombia",NA,NA,NA,3,2
"344","CO05321","Guatapé","CO05","Antioquia","CO","Colombia",NA,NA,NA,3,2
"345","CO05347","Heliconia","CO05","Antioquia","CO","Colombia",NA,NA,NA,1,1
"346","CO05353","Hispania","CO05","Antioquia","CO","Colombia",NA,NA,NA,3,1
"347","CO05361","Ituango","CO05","Antioquia","CO","Colombia",NA,NA,NA,16,2
"348","CO05368","Jericó","CO05","Antioquia","CO","Colombia",NA,NA,NA,6,NA
"349","CO05390","La Pintada","CO05","Antioquia","CO","Colombia",NA,NA,NA,2,1
"350","CO05400","La Unión","CO05","Antioquia","CO","Colombia",NA,NA,NA,2,1
"351","CO05425","Maceo","CO05","Antioquia","CO","Colombia",NA,NA,NA,3,1
"352","CO05440","Marinilla","CO05","Antioquia","CO","Colombia",NA,NA,NA,5,1
"353","CO05467","Montebello","CO05","Antioquia","CO","Colombia",NA,NA,NA,2,2
"354","CO05480","Mutatá","CO05","Antioquia","CO","Colombia",NA,NA,NA,2,1
"355","CO05483","Nariño","CO05","Antioquia","CO","Colombia",NA,NA,NA,49,1
"356","CO05490","Necoclí","CO05","Antioquia","CO","Colombia",NA,NA,NA,19,3
"357","CO05495","Nechí","CO05","Antioquia","CO","Colombia",NA,NA,NA,16,3
"358","CO05501","Olaya","CO05","Antioquia","CO","Colombia",NA,NA,NA,3,1
"359","CO05541","Peñol","CO05","Antioquia","CO","Colombia",NA,NA,NA,3,1
"360","CO05607","Retiro","CO05","Antioquia","CO","Colombia",NA,NA,NA,5,1
"361","CO05647","San Andrés de Cuerquía","CO05","Antioquia","CO","Colombia",NA,NA,NA,28,2
"362","CO05649","San Carlos","CO05","Antioquia","CO","Colombia",NA,NA,NA,22,1
"363","CO05652","San Francisco","CO05","Antioquia","CO","Colombia",NA,NA,NA,1,1
"364","CO05656","San Jerónimo","CO05","Antioquia","CO","Colombia",NA,NA,NA,2,1
"365","CO05658","San José de la Montaña","CO05","Antioquia","CO","Colombia",NA,NA,NA,4,1
"366","CO05659","San Juan de Urabá","CO05","Antioquia","CO","Colombia",NA,NA,NA,21,1
"367","CO05660","San Luis","CO05","Antioquia","CO","Colombia",NA,NA,NA,6,2
"368","CO05664","San Pedro de los Milagros","CO05","Antioquia","CO","Colombia",NA,NA,NA,1,2
"369","CO05670","San Roque","CO05","Antioquia","CO","Colombia",NA,NA,NA,4,1
"370","CO05674","San Vicente Ferrer","CO05","Antioquia","CO","Colombia",NA,NA,NA,1,1
"371","CO05679","Santa Bárbara","CO05","Antioquia","CO","Colombia",NA,NA,NA,2,2
"372","CO05697","El Santuario","CO05","Antioquia","CO","Colombia",NA,NA,NA,8,1
"373","CO05756","Sonsón","CO05","Antioquia","CO","Colombia",NA,NA,NA,7,1
"374","CO05761","Sopetrán","CO05","Antioquia","CO","Colombia",NA,NA,NA,2,2
"375","CO05789","Támesis","CO05","Antioquia","CO","Colombia",NA,NA,NA,3,1
"376","CO05790","Tarazá","CO05","Antioquia","CO","Colombia",NA,NA,NA,10,2
"377","CO05819","Toledo","CO05","Antioquia","CO","Colombia",NA,NA,NA,2,1
"378","CO05842","Uramita","CO05","Antioquia","CO","Colombia",NA,NA,NA,2,1
"379","CO05847","Urrao","CO05","Antioquia","CO","Colombia",NA,NA,NA,7,2
"380","CO05854","Valdivia","CO05","Antioquia","CO","Colombia",NA,NA,NA,2,2
"381","CO05856","Valparaíso","CO05","Antioquia","CO","Colombia",NA,NA,NA,2,2
"382","CO05858","Vegachí","CO05","Antioquia","CO","Colombia",NA,NA,NA,11,1
"383","CO05861","Venecia","CO05","Antioquia","CO","Colombia",NA,NA,NA,2,2
"384","CO05885","Yalí","CO05","Antioquia","CO","Colombia",NA,NA,NA,5,1
"385","CO05887","Yarumal","CO05","Antioquia","CO","Colombia",NA,NA,NA,15,1
"386","CO05890","Yolombó","CO05","Antioquia","CO","Colombia",NA,NA,NA,1,1
"387","CO05893","Yondó","CO05","Antioquia","CO","Colombia",NA,NA,NA,4,1
"388","CO08137","Campo de la Cruz","CO08","Atlántico","CO","Colombia",NA,NA,NA,6,NA
"389","CO08436","Manatí","CO08","Atlántico","CO","Colombia",NA,NA,NA,10,2
"390","CO08634","Sabanagrande","CO08","Atlántico","CO","Colombia",NA,NA,NA,1,1
"391","CO08832","Tubará","CO08","Atlántico","CO","Colombia",NA,NA,NA,3,1
"392","CO13030","Altos del Rosario","CO13","Bolívar","CO","Colombia",NA,NA,NA,2,1
"393","CO13042","Arenal","CO13","Bolívar","CO","Colombia",NA,NA,NA,1,NA
"394","CO13052","Arjona","CO13","Bolívar","CO","Colombia",NA,NA,NA,1,NA
"395","CO13160","Cantagallo","CO13","Bolívar","CO","Colombia",NA,NA,NA,2,NA
"396","CO13468","Mompós","CO13","Bolívar","CO","Colombia",NA,NA,NA,12,1
"397","CO13473","Morales","CO13","Bolívar","CO","Colombia",NA,NA,NA,7,1
"398","CO13647","San Estanislao","CO13","Bolívar","CO","Colombia",NA,NA,NA,1,NA
"399","CO13650","San Fernando","CO13","Bolívar","CO","Colombia",NA,NA,NA,1,NA
"400","CO13654","San Jacinto","CO13","Bolívar","CO","Colombia",NA,NA,NA,4,1
"401","CO13657","San Juan Nepomuceno","CO13","Bolívar","CO","Colombia",NA,NA,NA,1,NA
"402","CO13670","San Pablo","CO13","Bolívar","CO","Colombia",NA,NA,NA,10,NA
"403","CO13688","Santa Rosa del Sur","CO13","Bolívar","CO","Colombia",NA,NA,NA,42,1
"404","CO13744","Simití","CO13","Bolívar","CO","Colombia",NA,NA,NA,13,NA
"405","CO13810","Tiquisio","CO13","Bolívar","CO","Colombia",NA,NA,NA,2,1
"406","CO15022","Almeida","CO15","Boyacá","CO","Colombia",NA,NA,NA,5,1
"407","CO15047","Aquitania","CO15","Boyacá","CO","Colombia",NA,NA,NA,19,NA
"408","CO15051","Arcabuco","CO15","Boyacá","CO","Colombia",NA,NA,NA,9,2
"409","CO15087","Belén","CO15","Boyacá","CO","Colombia",NA,NA,NA,20,4
"410","CO15090","Berbeo","CO15","Boyacá","CO","Colombia",NA,NA,NA,1,NA
"411","CO15092","Betéitiva","CO15","Boyacá","CO","Colombia",NA,NA,NA,5,NA
"412","CO15097","Boavita","CO15","Boyacá","CO","Colombia",NA,NA,NA,27,4
"413","CO15109","Buenavista","CO15","Boyacá","CO","Colombia",NA,NA,NA,20,NA
"414","CO15114","Busbanzá","CO15","Boyacá","CO","Colombia",NA,NA,NA,1,NA
"415","CO15135","Campohermoso","CO15","Boyacá","CO","Colombia",NA,NA,NA,15,1
"416","CO15162","Cerinza","CO15","Boyacá","CO","Colombia",NA,NA,NA,6,1
"417","CO15172","Chinavita","CO15","Boyacá","CO","Colombia",NA,NA,NA,7,2
"418","CO15180","Chiscas","CO15","Boyacá","CO","Colombia",NA,NA,NA,3,NA
"419","CO15183","Chita","CO15","Boyacá","CO","Colombia",NA,NA,NA,13,1
"420","CO15185","Chitaraque","CO15","Boyacá","CO","Colombia",NA,NA,NA,4,NA
"421","CO15189","Ciénega","CO15","Boyacá","CO","Colombia",NA,NA,NA,7,NA
"422","CO15204","Cómbita","CO15","Boyacá","CO","Colombia",NA,NA,NA,13,NA
"423","CO15212","Coper","CO15","Boyacá","CO","Colombia",NA,NA,NA,2,NA
"424","CO15215","Corrales","CO15","Boyacá","CO","Colombia",NA,NA,NA,2,NA
"425","CO15218","Covarachía","CO15","Boyacá","CO","Colombia",NA,NA,NA,21,3
"426","CO15223","Cubará","CO15","Boyacá","CO","Colombia",NA,NA,NA,22,1
"427","CO15224","Cucaita","CO15","Boyacá","CO","Colombia",NA,NA,NA,13,NA
"428","CO15226","Cuítiva","CO15","Boyacá","CO","Colombia",NA,NA,NA,4,NA
"429","CO15232","Chíquiza","CO15","Boyacá","CO","Colombia",NA,NA,NA,5,1
"430","CO15236","Chivor","CO15","Boyacá","CO","Colombia",NA,NA,NA,2,NA
"431","CO15244","El Cocuy","CO15","Boyacá","CO","Colombia",NA,NA,NA,5,1
"432","CO15272","Firavitoba","CO15","Boyacá","CO","Colombia",NA,NA,NA,3,NA
"433","CO15276","Floresta","CO15","Boyacá","CO","Colombia",NA,NA,NA,18,1
"434","CO15293","Gachantivá","CO15","Boyacá","CO","Colombia",NA,NA,NA,2,1
"435","CO15296","Gámeza","CO15","Boyacá","CO","Colombia",NA,NA,NA,8,1
"436","CO15299","Garagoa","CO15","Boyacá","CO","Colombia",NA,NA,NA,6,2
"437","CO15317","Guacamayas","CO15","Boyacá","CO","Colombia",NA,NA,NA,8,1
"438","CO15325","Guayatá","CO15","Boyacá","CO","Colombia",NA,NA,NA,16,NA
"439","CO15362","Iza","CO15","Boyacá","CO","Colombia",NA,NA,NA,3,NA
"440","CO15367","Jenesano","CO15","Boyacá","CO","Colombia",NA,NA,NA,7,1
"441","CO15368","Jericó","CO15","Boyacá","CO","Colombia",NA,NA,NA,1,NA
"442","CO15380","La Capilla","CO15","Boyacá","CO","Colombia",NA,NA,NA,7,1
"443","CO15403","La Uvita","CO15","Boyacá","CO","Colombia",NA,NA,NA,4,1
"444","CO15425","Macanal","CO15","Boyacá","CO","Colombia",NA,NA,NA,11,NA
"445","CO15455","Miraflores","CO15","Boyacá","CO","Colombia",NA,NA,NA,18,1
"446","CO15464","Mongua","CO15","Boyacá","CO","Colombia",NA,NA,NA,1,NA
"447","CO15466","Monguí","CO15","Boyacá","CO","Colombia",NA,NA,NA,3,1
"448","CO15469","Moniquirá","CO15","Boyacá","CO","Colombia",NA,NA,NA,16,1
"449","CO15476","Motavita","CO15","Boyacá","CO","Colombia",NA,NA,NA,7,NA
"450","CO15480","Muzo","CO15","Boyacá","CO","Colombia",NA,NA,NA,10,1
"451","CO15491","Nobsa","CO15","Boyacá","CO","Colombia",NA,NA,NA,3,NA
"452","CO15494","Nuevo Colón","CO15","Boyacá","CO","Colombia",NA,NA,NA,2,NA
"453","CO15500","Oicatá","CO15","Boyacá","CO","Colombia",NA,NA,NA,4,NA
"454","CO15507","Otanche","CO15","Boyacá","CO","Colombia",NA,NA,NA,14,NA
"455","CO15511","Pachavita","CO15","Boyacá","CO","Colombia",NA,NA,NA,2,NA
"456","CO15514","Páez","CO15","Boyacá","CO","Colombia",NA,NA,NA,14,2
"457","CO15516","Paipa","CO15","Boyacá","CO","Colombia",NA,NA,NA,16,2
"458","CO15522","Panqueba","CO15","Boyacá","CO","Colombia",NA,NA,NA,2,1
"459","CO15531","Pauna","CO15","Boyacá","CO","Colombia",NA,NA,NA,29,NA
"460","CO15533","Paya","CO15","Boyacá","CO","Colombia",NA,NA,NA,8,2
"461","CO15542","Pesca","CO15","Boyacá","CO","Colombia",NA,NA,NA,9,NA
"462","CO15580","Quípama","CO15","Boyacá","CO","Colombia",NA,NA,NA,9,1
"463","CO15599","Ramiriquí","CO15","Boyacá","CO","Colombia",NA,NA,NA,22,1
"464","CO15600","Ráquira","CO15","Boyacá","CO","Colombia",NA,NA,NA,22,NA
"465","CO15621","Rondón","CO15","Boyacá","CO","Colombia",NA,NA,NA,1,NA
"466","CO15632","Saboyá","CO15","Boyacá","CO","Colombia",NA,NA,NA,9,NA
"467","CO15660","San Eduardo","CO15","Boyacá","CO","Colombia",NA,NA,NA,1,NA
"468","CO15664","San José de Pare","CO15","Boyacá","CO","Colombia",NA,NA,NA,10,1
"469","CO15673","San Mateo","CO15","Boyacá","CO","Colombia",NA,NA,NA,25,NA
"470","CO15676","San Miguel de Sema","CO15","Boyacá","CO","Colombia",NA,NA,NA,10,1
"471","CO15681","San Pablo de Borbur","CO15","Boyacá","CO","Colombia",NA,NA,NA,16,NA
"472","CO15686","Santana","CO15","Boyacá","CO","Colombia",NA,NA,NA,4,1
"473","CO15690","Santa María","CO15","Boyacá","CO","Colombia",NA,NA,NA,3,NA
"474","CO15693","Santa Rosa de Viterbo","CO15","Boyacá","CO","Colombia",NA,NA,NA,10,1
"475","CO15696","Santa Sofía","CO15","Boyacá","CO","Colombia",NA,NA,NA,2,1
"476","CO15720","Sativanorte","CO15","Boyacá","CO","Colombia",NA,NA,NA,19,1
"477","CO15723","Sativasur","CO15","Boyacá","CO","Colombia",NA,NA,NA,4,NA
"478","CO15755","Socotá","CO15","Boyacá","CO","Colombia",NA,NA,NA,25,3
"479","CO15761","Somondoco","CO15","Boyacá","CO","Colombia",NA,NA,NA,4,1
"480","CO15764","Soracá","CO15","Boyacá","CO","Colombia",NA,NA,NA,2,1
"481","CO15776","Sutamarchán","CO15","Boyacá","CO","Colombia",NA,NA,NA,10,1
"482","CO15778","Sutatenza","CO15","Boyacá","CO","Colombia",NA,NA,NA,1,NA
"483","CO15790","Tasco","CO15","Boyacá","CO","Colombia",NA,NA,NA,9,NA
"484","CO15798","Tenza","CO15","Boyacá","CO","Colombia",NA,NA,NA,1,NA
"485","CO15804","Tibaná","CO15","Boyacá","CO","Colombia",NA,NA,NA,10,NA
"486","CO15806","Tibasosa","CO15","Boyacá","CO","Colombia",NA,NA,NA,6,NA
"487","CO15810","Tipacoque","CO15","Boyacá","CO","Colombia",NA,NA,NA,8,NA
"488","CO15814","Toca","CO15","Boyacá","CO","Colombia",NA,NA,NA,11,1
"489","CO15816","Togüí","CO15","Boyacá","CO","Colombia",NA,NA,NA,6,1
"490","CO15820","Tópaga","CO15","Boyacá","CO","Colombia",NA,NA,NA,2,NA
"491","CO15832","Tununguá","CO15","Boyacá","CO","Colombia",NA,NA,NA,1,NA
"492","CO15835","Turmequé","CO15","Boyacá","CO","Colombia",NA,NA,NA,5,1
"493","CO15837","Tuta","CO15","Boyacá","CO","Colombia",NA,NA,NA,17,1
"494","CO15839","Tutazá","CO15","Boyacá","CO","Colombia",NA,NA,NA,2,NA
"495","CO15842","Úmbita","CO15","Boyacá","CO","Colombia",NA,NA,NA,14,2
"496","CO15879","Viracachá","CO15","Boyacá","CO","Colombia",NA,NA,NA,1,NA
"497","CO17050","Aranzazu","CO17","Caldas","CO","Colombia",NA,NA,NA,2,NA
"498","CO17088","Belalcázar","CO17","Caldas","CO","Colombia",NA,NA,NA,2,1
"499","CO17272","Filadelfia","CO17","Caldas","CO","Colombia",NA,NA,NA,1,1
"500","CO17380","La Dorada","CO17","Caldas","CO","Colombia",NA,NA,NA,1,1
"501","CO17444","Marquetalia","CO17","Caldas","CO","Colombia",NA,NA,NA,17,1
"502","CO17486","Neira","CO17","Caldas","CO","Colombia",NA,NA,NA,1,NA
"503","CO17495","Norcasia","CO17","Caldas","CO","Colombia",NA,NA,NA,1,1
"504","CO17513","Pácora","CO17","Caldas","CO","Colombia",NA,NA,NA,8,1
"505","CO17541","Pensilvania","CO17","Caldas","CO","Colombia",NA,NA,NA,44,2
"506","CO17614","Riosucio","CO17","Caldas","CO","Colombia",NA,NA,NA,1,1
"507","CO17616","Risaralda","CO17","Caldas","CO","Colombia",NA,NA,NA,2,1
"508","CO17662","Samaná","CO17","Caldas","CO","Colombia",NA,NA,NA,49,2
"509","CO17867","Victoria","CO17","Caldas","CO","Colombia",NA,NA,NA,2,NA
"510","CO17877","Viterbo","CO17","Caldas","CO","Colombia",NA,NA,NA,3,1
"511","CO18094","Belén de los Andaquíes","CO18","Caquetá","CO","Colombia",NA,NA,NA,3,1
"512","CO18205","Curillo","CO18","Caquetá","CO","Colombia",NA,NA,NA,18,1
"513","CO18247","El Doncello","CO18","Caquetá","CO","Colombia",NA,NA,NA,1,NA
"514","CO18256","El Paujíl","CO18","Caquetá","CO","Colombia",NA,NA,NA,11,2
"515","CO18410","La Montañita","CO18","Caquetá","CO","Colombia",NA,NA,NA,4,NA
"516","CO18460","Milán","CO18","Caquetá","CO","Colombia",NA,NA,NA,1,NA
"517","CO18785","Solita","CO18","Caquetá","CO","Colombia",NA,NA,NA,8,1
"518","CO18860","Valparaíso","CO18","Caquetá","CO","Colombia",NA,NA,NA,31,NA
"519","CO19075","Balboa","CO19","Cauca","CO","Colombia",NA,NA,NA,1,NA
"520","CO19212","Corinto","CO19","Cauca","CO","Colombia",NA,NA,NA,3,NA
"521","CO19318","Guapi","CO19","Cauca","CO","Colombia",NA,NA,NA,15,2
"522","CO19364","Jambaló","CO19","Cauca","CO","Colombia",NA,NA,NA,5,1
"523","CO19392","La Sierra","CO19","Cauca","CO","Colombia",NA,NA,NA,14,1
"524","CO19473","Morales","CO19","Cauca","CO","Colombia",NA,NA,NA,22,NA
"525","CO19585","Puracé","CO19","Cauca","CO","Colombia",NA,NA,NA,6,1
"526","CO19622","Rosas","CO19","Cauca","CO","Colombia",NA,NA,NA,5,NA
"527","CO19693","San Sebastián","CO19","Cauca","CO","Colombia",NA,NA,NA,7,NA
"528","CO19701","Santa Rosa","CO19","Cauca","CO","Colombia",NA,NA,NA,7,NA
"529","CO19780","Suárez","CO19","Cauca","CO","Colombia",NA,NA,NA,9,2
"530","CO19821","Toribío","CO19","Cauca","CO","Colombia",NA,NA,NA,9,1
"531","CO20045","Becerril","CO20","Cesar","CO","Colombia",NA,NA,NA,3,NA
"532","CO20178","Chiriguaná","CO20","Cesar","CO","Colombia",NA,NA,NA,5,2
"533","CO20250","El Paso","CO20","Cesar","CO","Colombia",NA,NA,NA,5,1
"534","CO20383","La Gloria","CO20","Cesar","CO","Colombia",NA,NA,NA,4,NA
"535","CO20517","Pailitas","CO20","Cesar","CO","Colombia",NA,NA,NA,1,NA
"536","CO20614","Río de Oro","CO20","Cesar","CO","Colombia",NA,NA,NA,4,NA
"537","CO20710","San Alberto","CO20","Cesar","CO","Colombia",NA,NA,NA,1,2
"538","CO20770","San Martín","CO20","Cesar","CO","Colombia",NA,NA,NA,1,NA
"539","CO20787","Tamalameque","CO20","Cesar","CO","Colombia",NA,NA,NA,1,NA
"540","CO23068","Ayapel","CO23","Córdoba","CO","Colombia",NA,NA,NA,2,NA
"541","CO23464","Momil","CO23","Córdoba","CO","Colombia",NA,NA,NA,1,NA
"542","CO23466","Montelíbano","CO23","Córdoba","CO","Colombia",NA,NA,NA,14,NA
"543","CO23500","Moñitos","CO23","Córdoba","CO","Colombia",NA,NA,NA,1,NA
"544","CO23580","Puerto Libertador","CO23","Córdoba","CO","Colombia",NA,NA,NA,1,NA
"545","CO23682","San José de Uré","CO23","Córdoba","CO","Colombia",NA,NA,NA,3,NA
"546","CO23686","San Pelayo","CO23","Córdoba","CO","Colombia",NA,NA,NA,3,NA
"547","CO23855","Valencia","CO23","Córdoba","CO","Colombia",NA,NA,NA,12,1
"548","CO25019","Albán","CO25","Cundinamarca","CO","Colombia",NA,NA,NA,4,NA
"549","CO25035","Anapoima","CO25","Cundinamarca","CO","Colombia",NA,NA,NA,3,1
"550","CO25040","Anolaima","CO25","Cundinamarca","CO","Colombia",NA,NA,NA,7,2
"551","CO25053","Arbeláez","CO25","Cundinamarca","CO","Colombia",NA,NA,NA,5,2
"552","CO25086","Beltrán","CO25","Cundinamarca","CO","Colombia",NA,NA,NA,3,1
"553","CO25099","Bojacá","CO25","Cundinamarca","CO","Colombia",NA,NA,NA,3,1
"554","CO25120","Cabrera","CO25","Cundinamarca","CO","Colombia",NA,NA,NA,1,NA
"555","CO25123","Cachipay","CO25","Cundinamarca","CO","Colombia",NA,NA,NA,5,NA
"556","CO25148","Caparrapí","CO25","Cundinamarca","CO","Colombia",NA,NA,NA,21,NA
"557","CO25151","Cáqueza","CO25","Cundinamarca","CO","Colombia",NA,NA,NA,1,NA
"558","CO25181","Choachí","CO25","Cundinamarca","CO","Colombia",NA,NA,NA,8,1
"559","CO25183","Chocontá","CO25","Cundinamarca","CO","Colombia",NA,NA,NA,2,1
"560","CO25200","Cogua","CO25","Cundinamarca","CO","Colombia",NA,NA,NA,3,NA
"561","CO25214","Cota","CO25","Cundinamarca","CO","Colombia",NA,NA,NA,15,1
"562","CO25258","El Peñón","CO25","Cundinamarca","CO","Colombia",NA,NA,NA,3,NA
"563","CO25279","Fómeque","CO25","Cundinamarca","CO","Colombia",NA,NA,NA,2,3
"564","CO25295","Gachancipá","CO25","Cundinamarca","CO","Colombia",NA,NA,NA,1,1
"565","CO25312","Granada","CO25","Cundinamarca","CO","Colombia",NA,NA,NA,2,1
"566","CO25320","Guaduas","CO25","Cundinamarca","CO","Colombia",NA,NA,NA,3,1
"567","CO25324","Guataquí","CO25","Cundinamarca","CO","Colombia",NA,NA,NA,1,NA
"568","CO25326","Guatavita","CO25","Cundinamarca","CO","Colombia",NA,NA,NA,4,1
"569","CO25339","Gutiérrez","CO25","Cundinamarca","CO","Colombia",NA,NA,NA,1,NA
"570","CO25368","Jerusalén","CO25","Cundinamarca","CO","Colombia",NA,NA,NA,2,1
"571","CO25372","Junín","CO25","Cundinamarca","CO","Colombia",NA,NA,NA,3,NA
"572","CO25394","La Palma","CO25","Cundinamarca","CO","Colombia",NA,NA,NA,3,1
"573","CO25398","La Peña","CO25","Cundinamarca","CO","Colombia",NA,NA,NA,2,NA
"574","CO25402","La Vega","CO25","Cundinamarca","CO","Colombia",NA,NA,NA,3,1
"575","CO25407","Lenguazaque","CO25","Cundinamarca","CO","Colombia",NA,NA,NA,1,NA
"576","CO25426","Machetá","CO25","Cundinamarca","CO","Colombia",NA,NA,NA,2,1
"577","CO25430","Madrid","CO25","Cundinamarca","CO","Colombia",NA,NA,NA,13,2
"578","CO25436","Manta","CO25","Cundinamarca","CO","Colombia",NA,NA,NA,2,1
"579","CO25486","Nemocón","CO25","Cundinamarca","CO","Colombia",NA,NA,NA,2,1
"580","CO25506","Venecia","CO25","Cundinamarca","CO","Colombia",NA,NA,NA,1,NA
"581","CO25518","Paime","CO25","Cundinamarca","CO","Colombia",NA,NA,NA,26,NA
"582","CO25530","Paratebueno","CO25","Cundinamarca","CO","Colombia",NA,NA,NA,4,NA
"583","CO25535","Pasca","CO25","Cundinamarca","CO","Colombia",NA,NA,NA,2,NA
"584","CO25580","Pulí","CO25","Cundinamarca","CO","Colombia",NA,NA,NA,1,NA
"585","CO25592","Quebradanegra","CO25","Cundinamarca","CO","Colombia",NA,NA,NA,1,NA
"586","CO25596","Quipile","CO25","Cundinamarca","CO","Colombia",NA,NA,NA,4,NA
"587","CO25612","Ricaurte","CO25","Cundinamarca","CO","Colombia",NA,NA,NA,3,NA
"588","CO25649","San Bernardo","CO25","Cundinamarca","CO","Colombia",NA,NA,NA,4,NA
"589","CO25658","San Francisco","CO25","Cundinamarca","CO","Colombia",NA,NA,NA,1,NA
"590","CO25662","San Juan de Rioseco","CO25","Cundinamarca","CO","Colombia",NA,NA,NA,1,NA
"591","CO25743","Silvania","CO25","Cundinamarca","CO","Colombia",NA,NA,NA,6,1
"592","CO25772","Suesca","CO25","Cundinamarca","CO","Colombia",NA,NA,NA,1,1
"593","CO25781","Sutatausa","CO25","Cundinamarca","CO","Colombia",NA,NA,NA,1,NA
"594","CO25793","Tausa","CO25","Cundinamarca","CO","Colombia",NA,NA,NA,2,NA
"595","CO25799","Tenjo","CO25","Cundinamarca","CO","Colombia",NA,NA,NA,2,NA
"596","CO25815","Tocaima","CO25","Cundinamarca","CO","Colombia",NA,NA,NA,1,1
"597","CO25817","Tocancipá","CO25","Cundinamarca","CO","Colombia",NA,NA,NA,9,2
"598","CO25823","Topaipí","CO25","Cundinamarca","CO","Colombia",NA,NA,NA,16,NA
"599","CO25841","Ubaque","CO25","Cundinamarca","CO","Colombia",NA,NA,NA,3,1
"600","CO25843","Villa de San Diego de Ubaté","CO25","Cundinamarca","CO","Colombia",NA,NA,NA,6,1
"601","CO25845","Une","CO25","Cundinamarca","CO","Colombia",NA,NA,NA,1,NA
"602","CO25867","Vianí","CO25","Cundinamarca","CO","Colombia",NA,NA,NA,1,NA
"603","CO25873","Villapinzón","CO25","Cundinamarca","CO","Colombia",NA,NA,NA,4,NA
"604","CO25875","Villeta","CO25","Cundinamarca","CO","Colombia",NA,NA,NA,5,4
"605","CO25885","Yacopí","CO25","Cundinamarca","CO","Colombia",NA,NA,NA,14,NA
"606","CO25898","Zipacón","CO25","Cundinamarca","CO","Colombia",NA,NA,NA,3,NA
"607","CO27075","Bahía Solano","CO27","Chocó","CO","Colombia",NA,NA,NA,4,1
"608","CO27077","Bajo Baudó","CO27","Chocó","CO","Colombia",NA,NA,NA,1,1
"609","CO27135","El Cantón del San Pablo","CO27","Chocó","CO","Colombia",NA,NA,NA,1,NA
"610","CO27150","Carmen del Darién","CO27","Chocó","CO","Colombia",NA,NA,NA,1,NA
"611","CO27160","Cértegui","CO27","Chocó","CO","Colombia",NA,NA,NA,1,NA
"612","CO27205","Condoto","CO27","Chocó","CO","Colombia",NA,NA,NA,1,NA
"613","CO27372","Juradó","CO27","Chocó","CO","Colombia",NA,NA,NA,1,1
"614","CO27580","Río Iró","CO27","Chocó","CO","Colombia",NA,NA,NA,3,NA
"615","CO27615","Riosucio","CO27","Chocó","CO","Colombia",NA,NA,NA,22,NA
"616","CO27787","Tadó","CO27","Chocó","CO","Colombia",NA,NA,NA,5,1
"617","CO27800","Unguía","CO27","Chocó","CO","Colombia",NA,NA,NA,7,1
"618","CO41006","Acevedo","CO41","Huila","CO","Colombia",NA,NA,NA,3,NA
"619","CO41020","Algeciras","CO41","Huila","CO","Colombia",NA,NA,NA,2,1
"620","CO41078","Baraya","CO41","Huila","CO","Colombia",NA,NA,NA,9,1
"621","CO41206","Colombia","CO41","Huila","CO","Colombia",NA,NA,NA,2,NA
"622","CO41244","Elías","CO41","Huila","CO","Colombia",NA,NA,NA,1,1
"623","CO41319","Guadalupe","CO41","Huila","CO","Colombia",NA,NA,NA,4,1
"624","CO41357","Íquira","CO41","Huila","CO","Colombia",NA,NA,NA,13,NA
"625","CO41359","Isnos","CO41","Huila","CO","Colombia",NA,NA,NA,20,1
"626","CO41483","Nátaga","CO41","Huila","CO","Colombia",NA,NA,NA,16,NA
"627","CO41503","Oporapa","CO41","Huila","CO","Colombia",NA,NA,NA,5,NA
"628","CO41524","Palermo","CO41","Huila","CO","Colombia",NA,NA,NA,2,1
"629","CO41548","Pital","CO41","Huila","CO","Colombia",NA,NA,NA,15,1
"630","CO41660","Saladoblanco","CO41","Huila","CO","Colombia",NA,NA,NA,13,NA
"631","CO41676","Santa María","CO41","Huila","CO","Colombia",NA,NA,NA,27,NA
"632","CO41770","Suaza","CO41","Huila","CO","Colombia",NA,NA,NA,4,NA
"633","CO41791","Tarqui","CO41","Huila","CO","Colombia",NA,NA,NA,7,1
"634","CO41799","Tello","CO41","Huila","CO","Colombia",NA,NA,NA,1,1
"635","CO41801","Teruel","CO41","Huila","CO","Colombia",NA,NA,NA,10,NA
"636","CO41807","Timaná","CO41","Huila","CO","Colombia",NA,NA,NA,9,1
"637","CO41872","Villavieja","CO41","Huila","CO","Colombia",NA,NA,NA,1,1
"638","CO41885","Yaguará","CO41","Huila","CO","Colombia",NA,NA,NA,1,NA
"639","CO44035","Albania","CO44","La Guajira","CO","Colombia",NA,NA,NA,1,NA
"640","CO44098","Distracción","CO44","La Guajira","CO","Colombia",NA,NA,NA,12,NA
"641","CO44110","El Molino","CO44","La Guajira","CO","Colombia",NA,NA,NA,5,1
"642","CO44279","Fonseca","CO44","La Guajira","CO","Colombia",NA,NA,NA,30,1
"643","CO44378","Hatonuevo","CO44","La Guajira","CO","Colombia",NA,NA,NA,13,NA
"644","CO44420","La Jagua del Pilar","CO44","La Guajira","CO","Colombia",NA,NA,NA,2,NA
"645","CO44650","San Juan del Cesar","CO44","La Guajira","CO","Colombia",NA,NA,NA,35,2
"646","CO44855","Urumita","CO44","La Guajira","CO","Colombia",NA,NA,NA,9,1
"647","CO44874","Villanueva","CO44","La Guajira","CO","Colombia",NA,NA,NA,15,NA
"648","CO47053","Aracataca","CO47","Magdalena","CO","Colombia",NA,NA,NA,1,2
"649","CO47205","Concordia","CO47","Magdalena","CO","Colombia",NA,NA,NA,3,1
"650","CO47245","El Banco","CO47","Magdalena","CO","Colombia",NA,NA,NA,10,3
"651","CO47288","Fundación","CO47","Magdalena","CO","Colombia",NA,NA,NA,2,4
"652","CO47460","Nueva Granada","CO47","Magdalena","CO","Colombia",NA,NA,NA,1,NA
"653","CO47570","Puebloviejo","CO47","Magdalena","CO","Colombia",NA,NA,NA,1,1
"654","CO47692","San Sebastián de Buenavista","CO47","Magdalena","CO","Colombia",NA,NA,NA,2,NA
"655","CO47745","Sitionuevo","CO47","Magdalena","CO","Colombia",NA,NA,NA,2,NA
"656","CO47798","Tenerife","CO47","Magdalena","CO","Colombia",NA,NA,NA,1,NA
"657","CO50110","Barranca de Upía","CO50","Meta","CO","Colombia",NA,NA,NA,1,1
"658","CO50223","Cubarral","CO50","Meta","CO","Colombia",NA,NA,NA,1,1
"659","CO50245","El Calvario","CO50","Meta","CO","Colombia",NA,NA,NA,2,NA
"660","CO50270","El Dorado","CO50","Meta","CO","Colombia",NA,NA,NA,3,1
"661","CO50287","Fuente de Oro","CO50","Meta","CO","Colombia",NA,NA,NA,6,NA
"662","CO50318","Guamal","CO50","Meta","CO","Colombia",NA,NA,NA,9,NA
"663","CO50400","Lejanías","CO50","Meta","CO","Colombia",NA,NA,NA,3,1
"664","CO50450","Puerto Concordia","CO50","Meta","CO","Colombia",NA,NA,NA,5,NA
"665","CO50573","Puerto López","CO50","Meta","CO","Colombia",NA,NA,NA,11,1
"666","CO50680","San Carlos de Guaroa","CO50","Meta","CO","Colombia",NA,NA,NA,3,1
"667","CO50683","San Juan de Arama","CO50","Meta","CO","Colombia",NA,NA,NA,3,1
"668","CO50686","San Juanito","CO50","Meta","CO","Colombia",NA,NA,NA,4,1
"669","CO52019","Albán","CO52","Nariño","CO","Colombia",NA,NA,NA,11,NA
"670","CO52083","Belén","CO52","Nariño","CO","Colombia",NA,NA,NA,2,NA
"671","CO52110","Buesaco","CO52","Nariño","CO","Colombia",NA,NA,NA,25,1
"672","CO52203","Colón","CO52","Nariño","CO","Colombia",NA,NA,NA,12,NA
"673","CO52207","Consacá","CO52","Nariño","CO","Colombia",NA,NA,NA,4,1
"674","CO52210","Contadero","CO52","Nariño","CO","Colombia",NA,NA,NA,1,NA
"675","CO52224","Cuaspud Carlosama","CO52","Nariño","CO","Colombia",NA,NA,NA,2,NA
"676","CO52227","Cumbal","CO52","Nariño","CO","Colombia",NA,NA,NA,5,2
"677","CO52240","Chachagüí","CO52","Nariño","CO","Colombia",NA,NA,NA,3,NA
"678","CO52258","El Tablón de Gómez","CO52","Nariño","CO","Colombia",NA,NA,NA,14,1
"679","CO52317","Guachucal","CO52","Nariño","CO","Colombia",NA,NA,NA,1,NA
"680","CO52323","Gualmatán","CO52","Nariño","CO","Colombia",NA,NA,NA,1,1
"681","CO52352","Iles","CO52","Nariño","CO","Colombia",NA,NA,NA,3,NA
"682","CO52354","Imués","CO52","Nariño","CO","Colombia",NA,NA,NA,6,NA
"683","CO52378","La Cruz","CO52","Nariño","CO","Colombia",NA,NA,NA,31,1
"684","CO52381","La Florida","CO52","Nariño","CO","Colombia",NA,NA,NA,6,NA
"685","CO52405","Leiva","CO52","Nariño","CO","Colombia",NA,NA,NA,6,NA
"686","CO52411","Linares","CO52","Nariño","CO","Colombia",NA,NA,NA,1,1
"687","CO52506","Ospina","CO52","Nariño","CO","Colombia",NA,NA,NA,2,1
"688","CO52540","Policarpa","CO52","Nariño","CO","Colombia",NA,NA,NA,5,NA
"689","CO52560","Potosí","CO52","Nariño","CO","Colombia",NA,NA,NA,6,NA
"690","CO52573","Puerres","CO52","Nariño","CO","Colombia",NA,NA,NA,9,1
"691","CO52612","Ricaurte","CO52","Nariño","CO","Colombia",NA,NA,NA,1,NA
"692","CO52621","Roberto Payán","CO52","Nariño","CO","Colombia",NA,NA,NA,3,1
"693","CO52678","Samaniego","CO52","Nariño","CO","Colombia",NA,NA,NA,4,NA
"694","CO52683","Sandoná","CO52","Nariño","CO","Colombia",NA,NA,NA,7,1
"695","CO52685","San Bernardo","CO52","Nariño","CO","Colombia",NA,NA,NA,10,1
"696","CO52687","San Lorenzo","CO52","Nariño","CO","Colombia",NA,NA,NA,3,NA
"697","CO52693","San Pablo","CO52","Nariño","CO","Colombia",NA,NA,NA,12,1
"698","CO52694","San Pedro de Cartago","CO52","Nariño","CO","Colombia",NA,NA,NA,6,1
"699","CO52696","Santa Bárbara","CO52","Nariño","CO","Colombia",NA,NA,NA,1,NA
"700","CO52786","Taminango","CO52","Nariño","CO","Colombia",NA,NA,NA,11,NA
"701","CO54003","Ábrego","CO54","Norte de Santander","CO","Colombia",NA,NA,NA,2,NA
"702","CO54099","Bochalema","CO54","Norte de Santander","CO","Colombia",NA,NA,NA,4,NA
"703","CO54128","Cáchira","CO54","Norte de Santander","CO","Colombia",NA,NA,NA,2,1
"704","CO54172","Chinácota","CO54","Norte de Santander","CO","Colombia",NA,NA,NA,17,4
"705","CO54206","Convención","CO54","Norte de Santander","CO","Colombia",NA,NA,NA,5,1
"706","CO54245","El Carmen","CO54","Norte de Santander","CO","Colombia",NA,NA,NA,5,NA
"707","CO54261","El Zulia","CO54","Norte de Santander","CO","Colombia",NA,NA,NA,2,1
"708","CO54385","La Esperanza","CO54","Norte de Santander","CO","Colombia",NA,NA,NA,2,NA
"709","CO54418","Lourdes","CO54","Norte de Santander","CO","Colombia",NA,NA,NA,1,NA
"710","CO54553","Puerto Santander","CO54","Norte de Santander","CO","Colombia",NA,NA,NA,4,2
"711","CO54599","Ragonvalia","CO54","Norte de Santander","CO","Colombia",NA,NA,NA,1,NA
"712","CO54670","San Calixto","CO54","Norte de Santander","CO","Colombia",NA,NA,NA,7,1
"713","CO54800","Teorama","CO54","Norte de Santander","CO","Colombia",NA,NA,NA,8,NA
"714","CO54820","Toledo","CO54","Norte de Santander","CO","Colombia",NA,NA,NA,3,1
"715","CO63111","Buenavista","CO63","Quindio","CO","Colombia",NA,NA,NA,2,1
"716","CO63302","Génova","CO63","Quindio","CO","Colombia",NA,NA,NA,5,1
"717","CO66045","Apía","CO66","Risaralda","CO","Colombia",NA,NA,NA,2,1
"718","CO66075","Balboa","CO66","Risaralda","CO","Colombia",NA,NA,NA,2,2
"719","CO66318","Guática","CO66","Risaralda","CO","Colombia",NA,NA,NA,1,2
"720","CO66383","La Celia","CO66","Risaralda","CO","Colombia",NA,NA,NA,2,1
"721","CO66400","La Virginia","CO66","Risaralda","CO","Colombia",NA,NA,NA,4,1
"722","CO66440","Marsella","CO66","Risaralda","CO","Colombia",NA,NA,NA,15,2
"723","CO66572","Pueblo Rico","CO66","Risaralda","CO","Colombia",NA,NA,NA,7,1
"724","CO66682","Santa Rosa de Cabal","CO66","Risaralda","CO","Colombia",NA,NA,NA,33,3
"725","CO66687","Santuario","CO66","Risaralda","CO","Colombia",NA,NA,NA,2,1
"726","CO68013","Aguada","CO68","Santander","CO","Colombia",NA,NA,NA,1,NA
"727","CO68020","Albania","CO68","Santander","CO","Colombia",NA,NA,NA,3,1
"728","CO68051","Aratoca","CO68","Santander","CO","Colombia",NA,NA,NA,21,2
"729","CO68079","Barichara","CO68","Santander","CO","Colombia",NA,NA,NA,5,1
"730","CO68092","Betulia","CO68","Santander","CO","Colombia",NA,NA,NA,4,1
"731","CO68101","Bolívar","CO68","Santander","CO","Colombia",NA,NA,NA,21,2
"732","CO68121","Cabrera","CO68","Santander","CO","Colombia",NA,NA,NA,7,1
"733","CO68132","California","CO68","Santander","CO","Colombia",NA,NA,NA,3,1
"734","CO68147","Capitanejo","CO68","Santander","CO","Colombia",NA,NA,NA,9,1
"735","CO68152","Carcasí","CO68","Santander","CO","Colombia",NA,NA,NA,32,1
"736","CO68162","Cerrito","CO68","Santander","CO","Colombia",NA,NA,NA,9,1
"737","CO68167","Charalá","CO68","Santander","CO","Colombia",NA,NA,NA,14,1
"738","CO68169","Charta","CO68","Santander","CO","Colombia",NA,NA,NA,14,1
"739","CO68179","Chipatá","CO68","Santander","CO","Colombia",NA,NA,NA,3,1
"740","CO68207","Concepción","CO68","Santander","CO","Colombia",NA,NA,NA,23,1
"741","CO68209","Confines","CO68","Santander","CO","Colombia",NA,NA,NA,1,1
"742","CO68211","Contratación","CO68","Santander","CO","Colombia",NA,NA,NA,5,1
"743","CO68217","Coromoro","CO68","Santander","CO","Colombia",NA,NA,NA,3,1
"744","CO68229","Curití","CO68","Santander","CO","Colombia",NA,NA,NA,18,2
"745","CO68235","El Carmen de Chucuri","CO68","Santander","CO","Colombia",NA,NA,NA,27,2
"746","CO68250","El Peñón","CO68","Santander","CO","Colombia",NA,NA,NA,6,NA
"747","CO68255","El Playón","CO68","Santander","CO","Colombia",NA,NA,NA,2,1
"748","CO68264","Encino","CO68","Santander","CO","Colombia",NA,NA,NA,11,1
"749","CO68266","Enciso","CO68","Santander","CO","Colombia",NA,NA,NA,2,1
"750","CO68271","Florián","CO68","Santander","CO","Colombia",NA,NA,NA,24,1
"751","CO68296","Galán","CO68","Santander","CO","Colombia",NA,NA,NA,3,1
"752","CO68298","Gámbita","CO68","Santander","CO","Colombia",NA,NA,NA,3,1
"753","CO68318","Guaca","CO68","Santander","CO","Colombia",NA,NA,NA,31,2
"754","CO68320","Guadalupe","CO68","Santander","CO","Colombia",NA,NA,NA,21,1
"755","CO68322","Guapotá","CO68","Santander","CO","Colombia",NA,NA,NA,2,NA
"756","CO68327","Güepsa","CO68","Santander","CO","Colombia",NA,NA,NA,5,1
"757","CO68344","Hato","CO68","Santander","CO","Colombia",NA,NA,NA,11,1
"758","CO68368","Jesús María","CO68","Santander","CO","Colombia",NA,NA,NA,5,1
"759","CO68370","Jordán","CO68","Santander","CO","Colombia",NA,NA,NA,1,1
"760","CO68377","La Belleza","CO68","Santander","CO","Colombia",NA,NA,NA,29,1
"761","CO68385","Landázuri","CO68","Santander","CO","Colombia",NA,NA,NA,21,2
"762","CO68397","La Paz","CO68","Santander","CO","Colombia",NA,NA,NA,2,1
"763","CO68406","Lebrija","CO68","Santander","CO","Colombia",NA,NA,NA,2,1
"764","CO68418","Los Santos","CO68","Santander","CO","Colombia",NA,NA,NA,2,1
"765","CO68425","Macaravita","CO68","Santander","CO","Colombia",NA,NA,NA,14,1
"766","CO68444","Matanza","CO68","Santander","CO","Colombia",NA,NA,NA,2,1
"767","CO68468","Molagavita","CO68","Santander","CO","Colombia",NA,NA,NA,15,2
"768","CO68498","Ocamonte","CO68","Santander","CO","Colombia",NA,NA,NA,1,NA
"769","CO68500","Oiba","CO68","Santander","CO","Colombia",NA,NA,NA,14,1
"770","CO68502","Onzaga","CO68","Santander","CO","Colombia",NA,NA,NA,1,NA
"771","CO68522","Palmar","CO68","Santander","CO","Colombia",NA,NA,NA,3,2
"772","CO68524","Palmas del Socorro","CO68","Santander","CO","Colombia",NA,NA,NA,1,1
"773","CO68533","Páramo","CO68","Santander","CO","Colombia",NA,NA,NA,1,1
"774","CO68549","Pinchote","CO68","Santander","CO","Colombia",NA,NA,NA,2,NA
"775","CO68573","Puerto Parra","CO68","Santander","CO","Colombia",NA,NA,NA,3,NA
"776","CO68575","Puerto Wilches","CO68","Santander","CO","Colombia",NA,NA,NA,4,1
"777","CO68615","Rionegro","CO68","Santander","CO","Colombia",NA,NA,NA,2,NA
"778","CO68655","Sabana de Torres","CO68","Santander","CO","Colombia",NA,NA,NA,3,1
"779","CO68673","San Benito","CO68","Santander","CO","Colombia",NA,NA,NA,1,1
"780","CO68684","San José de Miranda","CO68","Santander","CO","Colombia",NA,NA,NA,6,1
"781","CO68686","San Miguel","CO68","Santander","CO","Colombia",NA,NA,NA,14,1
"782","CO68689","San Vicente de Chucurí","CO68","Santander","CO","Colombia",NA,NA,NA,29,5
"783","CO68705","Santa Bárbara","CO68","Santander","CO","Colombia",NA,NA,NA,13,1
"784","CO68745","Simacota","CO68","Santander","CO","Colombia",NA,NA,NA,3,3
"785","CO68770","Suaita","CO68","Santander","CO","Colombia",NA,NA,NA,3,2
"786","CO68773","Sucre","CO68","Santander","CO","Colombia",NA,NA,NA,32,3
"787","CO68780","Suratá","CO68","Santander","CO","Colombia",NA,NA,NA,3,2
"788","CO68855","Valle de San José","CO68","Santander","CO","Colombia",NA,NA,NA,12,1
"789","CO68867","Vetas","CO68","Santander","CO","Colombia",NA,NA,NA,1,1
"790","CO68895","Zapatoca","CO68","Santander","CO","Colombia",NA,NA,NA,31,1
"791","CO70110","Buenavista","CO70","Sucre","CO","Colombia",NA,NA,NA,1,NA
"792","CO70204","Colosó","CO70","Sucre","CO","Colombia",NA,NA,NA,2,NA
"793","CO70221","Coveñas","CO70","Sucre","CO","Colombia",NA,NA,NA,2,1
"794","CO70429","Majagual","CO70","Sucre","CO","Colombia",NA,NA,NA,2,1
"795","CO70702","San Juan de Betulia","CO70","Sucre","CO","Colombia",NA,NA,NA,1,NA
"796","CO70713","San Onofre","CO70","Sucre","CO","Colombia",NA,NA,NA,3,1
"797","CO70717","San Pedro","CO70","Sucre","CO","Colombia",NA,NA,NA,2,1
"798","CO73024","Alpujarra","CO73","Tolima","CO","Colombia",NA,NA,NA,5,NA
"799","CO73124","Cajamarca","CO73","Tolima","CO","Colombia",NA,NA,NA,3,NA
"800","CO73152","Casabianca","CO73","Tolima","CO","Colombia",NA,NA,NA,6,NA
"801","CO73200","Coello","CO73","Tolima","CO","Colombia",NA,NA,NA,4,1
"802","CO73217","Coyaima","CO73","Tolima","CO","Colombia",NA,NA,NA,13,NA
"803","CO73226","Cunday","CO73","Tolima","CO","Colombia",NA,NA,NA,15,4
"804","CO73236","Dolores","CO73","Tolima","CO","Colombia",NA,NA,NA,5,1
"805","CO73270","Falan","CO73","Tolima","CO","Colombia",NA,NA,NA,12,2
"806","CO73283","Fresno","CO73","Tolima","CO","Colombia",NA,NA,NA,4,1
"807","CO73347","Herveo","CO73","Tolima","CO","Colombia",NA,NA,NA,5,NA
"808","CO73349","Honda","CO73","Tolima","CO","Colombia",NA,NA,NA,7,1
"809","CO73352","Icononzo","CO73","Tolima","CO","Colombia",NA,NA,NA,17,2
"810","CO73483","Natagaima","CO73","Tolima","CO","Colombia",NA,NA,NA,8,1
"811","CO73504","Ortega","CO73","Tolima","CO","Colombia",NA,NA,NA,11,1
"812","CO73520","Palocabildo","CO73","Tolima","CO","Colombia",NA,NA,NA,3,1
"813","CO73555","Planadas","CO73","Tolima","CO","Colombia",NA,NA,NA,9,1
"814","CO73563","Prado","CO73","Tolima","CO","Colombia",NA,NA,NA,3,1
"815","CO73585","Purificación","CO73","Tolima","CO","Colombia",NA,NA,NA,8,1
"816","CO73616","Rioblanco","CO73","Tolima","CO","Colombia",NA,NA,NA,16,NA
"817","CO73622","Roncesvalles","CO73","Tolima","CO","Colombia",NA,NA,NA,1,NA
"818","CO73624","Rovira","CO73","Tolima","CO","Colombia",NA,NA,NA,9,1
"819","CO73671","Saldaña","CO73","Tolima","CO","Colombia",NA,NA,NA,4,NA
"820","CO73675","San Antonio","CO73","Tolima","CO","Colombia",NA,NA,NA,10,1
"821","CO73678","San Luis","CO73","Tolima","CO","Colombia",NA,NA,NA,8,1
"822","CO73686","Santa Isabel","CO73","Tolima","CO","Colombia",NA,NA,NA,5,NA
"823","CO73770","Suárez","CO73","Tolima","CO","Colombia",NA,NA,NA,2,NA
"824","CO73854","Valle de San Juan","CO73","Tolima","CO","Colombia",NA,NA,NA,5,1
"825","CO73861","Venadillo","CO73","Tolima","CO","Colombia",NA,NA,NA,6,NA
"826","CO73870","Villahermosa","CO73","Tolima","CO","Colombia",NA,NA,NA,5,1
"827","CO73873","Villarrica","CO73","Tolima","CO","Colombia",NA,NA,NA,6,1
"828","CO76020","Alcalá","CO76","Valle del Cauca","CO","Colombia",NA,NA,NA,2,1
"829","CO76036","Andalucía","CO76","Valle del Cauca","CO","Colombia",NA,NA,NA,2,1
"830","CO76113","Bugalagrande","CO76","Valle del Cauca","CO","Colombia",NA,NA,NA,1,2
"831","CO76122","Caicedonia","CO76","Valle del Cauca","CO","Colombia",NA,NA,NA,5,1
"832","CO76130","Candelaria","CO76","Valle del Cauca","CO","Colombia",NA,NA,NA,12,5
"833","CO76318","Guacarí","CO76","Valle del Cauca","CO","Colombia",NA,NA,NA,1,1
"834","CO76377","La Cumbre","CO76","Valle del Cauca","CO","Colombia",NA,NA,NA,1,2
"835","CO76563","Pradera","CO76","Valle del Cauca","CO","Colombia",NA,NA,NA,1,1
"836","CO76670","San Pedro","CO76","Valle del Cauca","CO","Colombia",NA,NA,NA,2,1
"837","CO76736","Sevilla","CO76","Valle del Cauca","CO","Colombia",NA,NA,NA,13,1
"838","CO76863","Versalles","CO76","Valle del Cauca","CO","Colombia",NA,NA,NA,2,NA
"839","CO76890","Yotoco","CO76","Valle del Cauca","CO","Colombia",NA,NA,NA,4,1
"840","CO81065","Arauquita","CO81","Arauca","CO","Colombia",NA,NA,NA,19,1
"841","CO81220","Cravo Norte","CO81","Arauca","CO","Colombia",NA,NA,NA,2,1
"842","CO81300","Fortul","CO81","Arauca","CO","Colombia",NA,NA,NA,1,NA
"843","CO81591","Puerto Rondón","CO81","Arauca","CO","Colombia",NA,NA,NA,1,NA
"844","CO85010","Aguazul","CO85","Casanare","CO","Colombia",NA,NA,NA,4,1
"845","CO85015","Chámeza","CO85","Casanare","CO","Colombia",NA,NA,NA,3,NA
"846","CO85125","Hato Corozal","CO85","Casanare","CO","Colombia",NA,NA,NA,2,NA
"847","CO85139","Maní","CO85","Casanare","CO","Colombia",NA,NA,NA,3,1
"848","CO85225","Nunchía","CO85","Casanare","CO","Colombia",NA,NA,NA,1,NA
"849","CO85230","Orocué","CO85","Casanare","CO","Colombia",NA,NA,NA,4,1
"850","CO85250","Paz de Ariporo","CO85","Casanare","CO","Colombia",NA,NA,NA,2,2
"851","CO85279","Recetor","CO85","Casanare","CO","Colombia",NA,NA,NA,1,NA
"852","CO85300","Sabanalarga","CO85","Casanare","CO","Colombia",NA,NA,NA,3,NA
"853","CO85315","Sácama","CO85","Casanare","CO","Colombia",NA,NA,NA,1,NA
"854","CO85325","San Luis de Palenque","CO85","Casanare","CO","Colombia",NA,NA,NA,3,NA
"855","CO85400","Támara","CO85","Casanare","CO","Colombia",NA,NA,NA,3,NA
"856","CO86320","Orito","CO86","Putumayo","CO","Colombia",NA,NA,NA,58,NA
"857","CO86569","Puerto Caicedo","CO86","Putumayo","CO","Colombia",NA,NA,NA,5,1
"858","CO86573","Puerto Leguízamo","CO86","Putumayo","CO","Colombia",NA,NA,NA,24,2
"859","CO86755","San Francisco","CO86","Putumayo","CO","Colombia",NA,NA,NA,4,NA
"860","CO86757","San Miguel","CO86","Putumayo","CO","Colombia",NA,NA,NA,4,1
"861","CO86760","Santiago","CO86","Putumayo","CO","Colombia",NA,NA,NA,4,NA
"862","CO86865","Valle del Guamuez","CO86","Putumayo","CO","Colombia",NA,NA,NA,31,1
"863","CO86885","Villagarzón","CO86","Putumayo","CO","Colombia",NA,NA,NA,13,1
"864","CO88564","Providencia","CO88","Archipiélago de San Andrés, Providencia y Santa Catalina","CO","Colombia",NA,NA,NA,2,1
"865","CO91407","La Pedrera","CO91","Amazonas","CO","Colombia",NA,NA,NA,2,1
"866","CO91540","Puerto Nariño","CO91","Amazonas","CO","Colombia",NA,NA,NA,1,1
"867","CO94001","Inírida","CO94","Guainía","CO","Colombia",NA,NA,NA,9,1
"868","CO94343","Barrancominas","CO94","Guainía","CO","Colombia",NA,NA,NA,1,NA
"869","CO95015","Calamar","CO95","Guaviare","CO","Colombia",NA,NA,NA,11,1
"870","CO95025","El Retorno","CO95","Guaviare","CO","Colombia",NA,NA,NA,10,3
"871","CO95200","Miraflores","CO95","Guaviare","CO","Colombia",NA,NA,NA,3,NA
"872","CO97777","Papunahua","CO97","Vaupés","CO","Colombia",NA,NA,NA,1,NA
"873","CO99001","Puerto Carreño","CO99","Vichada","CO","Colombia",NA,NA,NA,5,1
"874","CO05004","Abriaquí","CO05","Antioquia","CO","Colombia",NA,NA,NA,NA,1
"875","CO05091","Betania","CO05","Antioquia","CO","Colombia",NA,NA,NA,NA,1
"876","CO05190","Cisneros","CO05","Antioquia","CO","Colombia",NA,NA,NA,NA,1
"877","CO05282","Fredonia","CO05","Antioquia","CO","Colombia",NA,NA,NA,NA,1
"878","CO05475","Murindó","CO05","Antioquia","CO","Colombia",NA,NA,NA,NA,1
"879","CO05576","Pueblorrico","CO05","Antioquia","CO","Colombia",NA,NA,NA,NA,1
"880","CO05585","Puerto Nare","CO05","Antioquia","CO","Colombia",NA,NA,NA,NA,1
"881","CO05591","Puerto Triunfo","CO05","Antioquia","CO","Colombia",NA,NA,NA,NA,1
"882","CO05628","Sabanalarga","CO05","Antioquia","CO","Colombia",NA,NA,NA,NA,1
"883","CO05667","San Rafael","CO05","Antioquia","CO","Colombia",NA,NA,NA,NA,1
"884","CO05809","Titiribí","CO05","Antioquia","CO","Colombia",NA,NA,NA,NA,2
"885","CO15248","El Espino","CO15","Boyacá","CO","Colombia",NA,NA,NA,NA,1
"886","CO15401","La Victoria","CO15","Boyacá","CO","Colombia",NA,NA,NA,NA,1
"887","CO17042","Anserma","CO17","Caldas","CO","Colombia",NA,NA,NA,NA,1
"888","CO17442","Marmato","CO17","Caldas","CO","Colombia",NA,NA,NA,NA,1
"889","CO20570","Pueblo Bello","CO20","Cesar","CO","Colombia",NA,NA,NA,NA,1
"890","CO23162","Cereté","CO23","Córdoba","CO","Colombia",NA,NA,NA,NA,2
"891","CO23300","Cotorra","CO23","Córdoba","CO","Colombia",NA,NA,NA,NA,1
"892","CO23419","Los Córdobas","CO23","Córdoba","CO","Colombia",NA,NA,NA,NA,1
"893","CO23672","San Antero","CO23","Córdoba","CO","Colombia",NA,NA,NA,NA,1
"894","CO23815","Tuchín","CO23","Córdoba","CO","Colombia",NA,NA,NA,NA,1
"895","CO25297","Gachetá","CO25","Cundinamarca","CO","Colombia",NA,NA,NA,NA,1
"896","CO41132","Campoalegre","CO41","Huila","CO","Colombia",NA,NA,NA,NA,1
"897","CO41797","Tesalia","CO41","Huila","CO","Colombia",NA,NA,NA,NA,1
"898","CO47170","Chivolo","CO47","Magdalena","CO","Colombia",NA,NA,NA,NA,1
"899","CO47268","El Retén","CO47","Magdalena","CO","Colombia",NA,NA,NA,NA,1
"900","CO47555","Plato","CO47","Magdalena","CO","Colombia",NA,NA,NA,NA,1
"901","CO50150","Castilla la Nueva","CO50","Meta","CO","Colombia",NA,NA,NA,NA,2
"902","CO50226","Cumaral","CO50","Meta","CO","Colombia",NA,NA,NA,NA,2
"903","CO50689","San Martín","CO50","Meta","CO","Colombia",NA,NA,NA,NA,1
"904","CO52022","Aldana","CO52","Nariño","CO","Colombia",NA,NA,NA,NA,2
"905","CO52250","El Charco","CO52","Nariño","CO","Colombia",NA,NA,NA,NA,1
"906","CO52480","Nariño","CO52","Nariño","CO","Colombia",NA,NA,NA,NA,1
"907","CO54174","Chitagá","CO54","Norte de Santander","CO","Colombia",NA,NA,NA,NA,1
"908","CO54398","La Playa","CO54","Norte de Santander","CO","Colombia",NA,NA,NA,NA,1
"909","CO54660","Salazar","CO54","Norte de Santander","CO","Colombia",NA,NA,NA,NA,1
"910","CO68176","Chima","CO68","Santander","CO","Colombia",NA,NA,NA,NA,1
"911","CO73275","Flandes","CO73","Tolima","CO","Colombia",NA,NA,NA,NA,1
"912","CO76054","Argelia","CO76","Valle del Cauca","CO","Colombia",NA,NA,NA,NA,1
"913","CO76100","Bolívar","CO76","Valle del Cauca","CO","Colombia",NA,NA,NA,NA,1
"914","CO76126","Calima","CO76","Valle del Cauca","CO","Colombia",NA,NA,NA,NA,1
"915","CO76243","El Águila","CO76","Valle del Cauca","CO","Colombia",NA,NA,NA,NA,1
"916","CO76403","La Victoria","CO76","Valle del Cauca","CO","Colombia",NA,NA,NA,NA,1
"917","CO76497","Obando","CO76","Valle del Cauca","CO","Colombia",NA,NA,NA,NA,1
"918","CO85162","Monterrey","CO85","Casanare","CO","Colombia",NA,NA,NA,NA,1
"919","CO86219","Colón","CO86","Putumayo","CO","Colombia",NA,NA,NA,NA,1
"920","CO91669","Puerto Santander","CO91","Amazonas","CO","Colombia",NA,NA,NA,NA,2
